feature,coef
events_per_day_24h,1.2059921603360069
n_agent_tool_7d,1.1152692249816556
n_distinct_days_24h,1.0685868029266907
n_run_all_24h,0.9113915910237255
n_events_1h,0.9023562263619629
device_type_Desktop,0.9020579905980817
n_pageview_7d,0.8894006575068185
any_tour_finish_24h,0.8859964612264994
n_distinct_event_types_7d,0.8750877525044463
n_distinct_event_types_1h,0.8038269295903415
n_credits_used_1h,0.7948447283345871
any_submit_form_1h,0.7876566949271221
did_use_agent_1h,0.7355856693705104
n_agent_msg_24h,0.7160518748477197
n_create_24h,0.6286289609031718
did_hit_credit_limit_7d,0.6266474394999635
os_Android,0.6220589787547107
n_events_7d,0.6070338000986583
n_explore_1h,0.5377270670291348
n_autocapture_24h,0.530156185191005
did_run_block_24h,0.5300834034947325
os_iOS,0.5128135353144567
any_tour_finish_7d,0.48804974044503685
n_files_upload_1h,0.44918221351363935
exception_rate_1h,0.3762536510976775
n_agent_new_1h,0.36799827633824
role_Machine Learning Engineer,0.35626793001795604
country_Ireland,0.3112404609826527
session_minutes_7d,0.29932451524571435
os_Linux,0.28217260898541885
n_block_create_7d,0.2754838438164779
n_pageview_1h,0.2676557055163031
n_credits_below_7d,0.2670272508130685
work_type_Business Applications,0.26505570092315855
hours_to_first_trigger,0.26417691791666653
purpose_(missing),0.25220690050226924
role_Data Engineer,0.24839511706251058
role_Data Scientist,0.24684462750537345
n_events_24h,0.24554726040712227
signup_source_Google,0.22911120413820793
did_see_banner_24h,0.2214568101405033
n_banner_shown_1h,0.21637856662944308
n_credits_exceeded_1h,0.21627909178933483
country_Other,0.21121980145084188
did_canvas_clone_24h,0.2030702276772546
signup_source_Press or Media,0.18292957808104776
n_credits_below_24h,0.1640161174744632
n_run_block_7d,0.16357328450003228
n_code_24h,0.15614788677120497
n_files_upload_7d,0.15122946045819613
work_type_(missing),0.1430452953777777
country_Pakistan,0.1381489420580491
hours_to_first_ai,0.12254181062130934
did_deploy_1h,0.12236281156738912
n_trigger_24h,0.12005853422107984
country_France,0.11298310300234048
did_see_banner_7d,0.11187380485460044
did_deploy_7d,0.10643753416664613
did_files_upload_7d,0.10381568633255708
hours_to_first_block_create,0.09884923908872745
country_Canada,0.08869857464641949
country_Italy,0.0880632378439625
n_banner_shown_7d,0.08014194052387329
purpose_Company Work,0.07513786429066746
n_deploy_1h,0.07342417343583472
hours_to_first_deploy,0.06983076167885194
role_Data Analyst,0.06928262440739714
did_files_upload_1h,0.06802727945205239
n_deploy_7d,0.06564140715802398
did_canvas_clone_7d,0.05313045456411439
n_trigger_7d,0.051842594325052935
did_see_banner_1h,0.04508486365657713
events_per_day_1h,0.04373053340858874
session_minutes_1h,0.037013287628231625
exception_rate_24h,0.0363754674756243
signup_source_Reddit,0.024175711206517198
role_Analytics Engineer,0.021990480165004617
device_type_Unknown,0.02153133057874294
n_canvas_clone_24h,0.019475323217945657
did_run_block_1h,0.01895525106750183
mean_event_interval_sec_1h,0.013877368504702418
n_integ_sc_7d,0.01361735893634791
n_agent_msg_7d,0.003668815977424785
country_Germany,-0.0006575395126816016
signup_source_X (Twitter),-0.0046454903612546785
role_Student,-0.006728509143967338
work_type_Research & Development,-0.009838642724733159
role_Other,-0.012749381479993101
n_integ_sc_1h,-0.014222289393190642
signup_source_LinkedIn,-0.014753285188092179
did_source_control_7d,-0.01849291935103681
country_United States,-0.022070658109199046
n_credits_exceeded_24h,-0.023082652109160134
did_source_control_1h,-0.033106927344436224
hours_to_first_run_block,-0.04701481032372087
device_type_Tablet,-0.04997067030880228
n_deploy_24h,-0.05499297930719813
n_canvas_clone_7d,-0.05700287031142998
country_Nigeria,-0.05860160162819081
signup_source_(missing),-0.05939554350341453
country_United Kingdom,-0.06299302724210878
role_AI Engineer,-0.07033106162707471
exception_rate_7d,-0.07321131365696995
n_code_7d,-0.0809683679500651
n_run_block_1h,-0.08744814484322722
n_distinct_days_1h,-0.08913353634852404
mean_event_interval_sec_24h,-0.09290697748449678
mean_event_interval_sec_7d,-0.1049468437780971
purpose_Personal Projects,-0.10556251569144431
n_explore_24h,-0.1283857584744711
did_use_agent_24h,-0.13284378334457525
n_integ_sc_24h,-0.1356223779849903
n_code_1h,-0.13643994664882764
is_power_engaged,-0.14123701172586098
did_hit_credit_limit_24h,-0.14541050737115283
n_run_all_1h,-0.1512270317187016
n_run_block_24h,-0.1553415553904893
n_block_create_24h,-0.16094896291459695
agent_first,-0.16294298639927765
work_type_Other,-0.17206434876249682
n_block_create_1h,-0.17312435285989072
did_hit_credit_limit_1h,-0.17765994156822024
work_type_Data & Analytics,-0.18477523958249722
did_files_upload_24h,-0.18753406486279597
n_ai_1h,-0.21575062909251042
n_canvas_clone_1h,-0.21869091737559734
did_canvas_clone_1h,-0.21869091737559734
n_credits_used_24h,-0.2247300148211335
n_agent_new_7d,-0.2439204003327899
n_exception_7d,-0.26702752473364605
n_create_7d,-0.2679441258436039
did_source_control_24h,-0.26841541267340296
n_ai_7d,-0.2698488964926523
did_deploy_24h,-0.2832340796393844
n_autocapture_1h,-0.28388379893355026
n_banner_shown_24h,-0.2946597559693942
signup_source_Colleague,-0.32389673625282794
os_Chrome OS,-0.3321477738971534
n_files_upload_24h,-0.3517557570640027
any_submit_form_24h,-0.36093461910110103
role_(missing),-0.36406121162297744
purpose_Education,-0.3791459214594622
country_India,-0.40134959265079573
os_Mac OS X,-0.4034172943541179
n_agent_new_24h,-0.4211654530295191
n_create_1h,-0.4273859161900599
n_credits_exceeded_7d,-0.4276263451652879
n_distinct_days_7d,-0.45114002821006605
n_exception_1h,-0.46544644363347815
signup_source_TikTok,-0.47077709749747254
n_ai_24h,-0.4731254776614962
n_autocapture_7d,-0.489452617581777
n_trigger_1h,-0.4942413985272166
n_pageview_24h,-0.5026375642238077
events_per_day_7d,-0.5069634972303338
n_explore_7d,-0.5351985015063262
hours_to_first_source_control,-0.5362141999208377
os_Windows,-0.5542740973358898
n_agent_tool_24h,-0.5767717446959263
did_run_block_7d,-0.6179605159469432
n_exception_24h,-0.6211303528624009
did_use_agent_7d,-0.6743217456415957
n_credits_below_1h,-0.7018297837724885
any_submit_form_7d,-0.7673358104444793
n_agent_msg_1h,-0.8384042417199395
n_run_all_7d,-0.9377933815496229
session_minutes_24h,-0.9440164534441912
n_agent_tool_1h,-0.9739616705115999
device_type_Mobile,-1.049659020969524
n_credits_used_7d,-1.20083256864384
any_tour_finish_1h,-1.3067665499832664
n_distinct_event_types_24h,-1.8795198831602506
